<?xml version="1.0" encoding="UTF-8"?>
<project-private xmlns="http://www.netbeans.org/ns/project-private/1">
    <data xmlns="http://www.netbeans.org/ns/make-project-private/1">
        <activeConfTypeElem>1</activeConfTypeElem>
        <activeConfIndexElem>0</activeConfIndexElem>
    </data>
    <editor-bookmarks xmlns="http://www.netbeans.org/ns/editor-bookmarks/2" lastBookmarkId="2"/>
    <open-files xmlns="http://www.netbeans.org/ns/projectui-open-files/2">
        <group>
            <file>file:/home/zoruk/GoogleDrive/HEIG-VD-S3-4/ASD2/Labo%203/Sources/Lab%203/SymbolGraph.h</file>
            <file>file:/home/zoruk/GoogleDrive/HEIG-VD-S3-4/ASD2/Labo%203/Sources/Lab%203/TopologicalSort.h</file>
            <file>file:/home/zoruk/GoogleDrive/HEIG-VD-S3-4/ASD2/Labo%203/Sources/Lab%203/ParcoursEnProfondeur.h</file>
            <file>file:/home/zoruk/GoogleDrive/HEIG-VD-S3-4/ASD2/Labo%203/Sources/Lab%203/DiGraph.h</file>
            <file>file:/home/zoruk/GoogleDrive/HEIG-VD-S3-4/ASD2/Labo%203/Sources/Lab%203/main.cpp</file>
            <file>file:/home/zoruk/GoogleDrive/HEIG-VD-S3-4/ASD2/Labo%203/Sources/Lab%203/Util.h</file>
        </group>
    </open-files>
</project-private>
